use `consent_mgt`;

-- ============================================================================
-- CONSENT MANAGEMENT API - COMPLETE SAMPLE DATA SCRIPT
-- Organization: ORG-001
-- Contains: Initial sample data + 35 consents for user1@example.com
-- Valid Statuses: CREATED, ACTIVE, APPROVED, REJECTED, REVOKED, EXPIRED
-- ============================================================================

-- ============================================================================
-- PART 1: INITIAL CONSENT ELEMENTS (15 total)
-- ============================================================================

INSERT INTO CONSENT_ELEMENT (ID, NAME, DESCRIPTION, TYPE, ORG_ID) VALUES
('10000001-0001-0001-0001-000000000001', 'user_email', 'User email address for communication', 'basic', 'ORG-001'),
('10000001-0001-0001-0001-000000000002', 'user_mobile', 'User mobile phone number', 'basic', 'ORG-001'),
('10000001-0001-0001-0001-000000000003', 'user_address', 'User physical address', 'basic', 'ORG-001'),
('10000001-0001-0001-0001-000000000004', 'user_phone', 'User telephone number', 'basic', 'ORG-001'),
('10000001-0001-0001-0001-000000000005', 'license_read', 'Allows accessing license API', 'basic', 'ORG-001'),
('10000001-0001-0001-0001-000000000006', 'license_write', 'Allows modifying license API', 'basic', 'ORG-001'),
('10000001-0001-0001-0001-000000000007', 'account_read', 'Allows reading account information', 'basic', 'ORG-001'),
('10000001-0001-0001-0001-000000000008', 'transaction_history', 'Allows accessing transaction history', 'basic', 'ORG-001'),
('10000001-0001-0001-0001-000000000009', 'profile_update', 'Allows updating user profile', 'basic', 'ORG-001'),
('10000001-0001-0001-0001-000000000010', 'analytics_tracking', 'User analytics and behavior tracking', 'basic', 'ORG-001'),
('10000001-0001-0001-0001-000000000011', 'sms_notifications', 'SMS notification preferences', 'basic', 'ORG-001'),
('10000001-0001-0001-0001-000000000012', 'push_notifications', 'Push notification preferences', 'basic', 'ORG-001'),
('10000001-0001-0001-0001-000000000013', 'location_tracking', 'Location-based services', 'basic', 'ORG-001'),
('10000001-0001-0001-0001-000000000014', 'payment_processing', 'Payment information access', 'basic', 'ORG-001'),
('10000001-0001-0001-0001-000000000015', 'third_party_sharing', 'Share data with third parties', 'basic', 'ORG-001');

-- ============================================================================
-- PART 2: CONSENT ELEMENT PROPERTIES
-- ============================================================================

INSERT INTO CONSENT_ELEMENT_PROPERTY (ELEMENT_ID, ATT_KEY, ATT_VALUE, ORG_ID) VALUES
('10000001-0001-0001-0001-000000000001', 'value', 'email:read', 'ORG-001'),
('10000001-0001-0001-0001-000000000001', 'category', 'personal_data', 'ORG-001'),
('10000001-0001-0001-0001-000000000002', 'value', 'mobile:read', 'ORG-001'),
('10000001-0001-0001-0001-000000000002', 'category', 'personal_data', 'ORG-001'),
('10000001-0001-0001-0001-000000000003', 'value', 'address:read', 'ORG-001'),
('10000001-0001-0001-0001-000000000003', 'category', 'personal_data', 'ORG-001'),
('10000001-0001-0001-0001-000000000005', 'value', 'api:license:read', 'ORG-001'),
('10000001-0001-0001-0001-000000000005', 'scope', 'licenses', 'ORG-001'),
('10000001-0001-0001-0001-000000000006', 'value', 'api:license:write', 'ORG-001'),
('10000001-0001-0001-0001-000000000006', 'scope', 'licenses', 'ORG-001');

-- ============================================================================
-- PART 3: INITIAL CONSENT PURPOSES (10 total)
-- ============================================================================

INSERT INTO CONSENT_PURPOSE (ID, NAME, DESCRIPTION, CLIENT_ID, CREATED_TIME, UPDATED_TIME, ORG_ID) VALUES
('20000001-0002-0002-0002-000000000001', 'marketing_communication_preferences', 'User preferences related to marketing communications', 'tpp-client-123', 1704153600, 1704153600, 'ORG-001'),
('20000001-0002-0002-0002-000000000002', 'account_management_purpose', 'Purpose for account management and profile updates', 'TPP-CLIENT-001', 1704153600, 1704153600, 'ORG-001'),
('20000001-0002-0002-0002-000000000003', 'api_access_purpose', 'Purpose for third-party API access and data retrieval', 'TPP-CLIENT-002', 1704153600, 1704153600, 'ORG-001'),
('20000001-0002-0002-0002-000000000004', 'analytics_purpose', 'User analytics and behavior tracking purpose', 'TPP-CLIENT-002', 1704153600, 1704153600, 'ORG-001'),
('20000001-0002-0002-0002-000000000005', 'promotional_offers_purpose', 'Purpose for sending promotional offers and deals', 'tpp-client-123', 1702800000, 1702800000, 'ORG-001'),
('20000001-0002-0002-0002-000000000011', 'marketing_communication_purpose_tpp123', 'Marketing communications for tpp-client-123', 'tpp-client-123', 1704153600, 1704153600, 'ORG-001'),
('20000001-0002-0002-0002-000000000012', 'promotional_offers_purpose_tpp123', 'Promotional offers for tpp-client-123', 'tpp-client-123', 1704153600, 1704153600, 'ORG-001'),
('20000001-0002-0002-0002-000000000013', 'account_management_purpose_tpp001', 'Account management for TPP-CLIENT-001', 'TPP-CLIENT-001', 1704153600, 1704153600, 'ORG-001'),
('20000001-0002-0002-0002-000000000014', 'sms_notification_purpose_tpp001', 'SMS notifications for TPP-CLIENT-001', 'TPP-CLIENT-001', 1704153600, 1704153600, 'ORG-001'),
('20000001-0002-0002-0002-000000000015', 'push_notification_purpose_tpp001', 'Push notifications for TPP-CLIENT-001', 'TPP-CLIENT-001', 1704153600, 1704153600, 'ORG-001');

-- ============================================================================
-- PART 4: ADDITIONAL PURPOSES FOR USER1 CONSENTS
-- ============================================================================

INSERT INTO CONSENT_PURPOSE (ID, NAME, DESCRIPTION, CLIENT_ID, CREATED_TIME, UPDATED_TIME, ORG_ID) VALUES
('20000001-0002-0002-0002-000000000016', 'api_access_purpose_tpp002', 'API access for TPP-CLIENT-002', 'TPP-CLIENT-002', 1704153600, 1704153600, 'ORG-001'),
('20000001-0002-0002-0002-000000000017', 'analytics_purpose_tpp002', 'Analytics tracking for TPP-CLIENT-002', 'TPP-CLIENT-002', 1704153600, 1704153600, 'ORG-001'),
('20000001-0002-0002-0002-000000000018', 'location_services_purpose_tpp002', 'Location services for TPP-CLIENT-002', 'TPP-CLIENT-002', 1704153600, 1704153600, 'ORG-001'),
('20000001-0002-0002-0002-000000000019', 'data_sharing_purpose_tpp002', 'Data sharing for TPP-CLIENT-002', 'TPP-CLIENT-002', 1704153600, 1704153600, 'ORG-001'),
('20000001-0002-0002-0002-000000000020', 'payment_purpose_tpp003', 'Payment processing for TPP-CLIENT-003', 'TPP-CLIENT-003', 1704153600, 1704153600, 'ORG-001'),
('20000001-0002-0002-0002-000000000021', 'data_access_purpose_tpp003', 'Data access for TPP-CLIENT-003', 'TPP-CLIENT-003', 1704153600, 1704153600, 'ORG-001');

-- ============================================================================
-- PART 5: PURPOSE-ELEMENT MAPPINGS (INITIAL)
-- ============================================================================

INSERT INTO PURPOSE_ELEMENT_MAPPING (PURPOSE_ID, ELEMENT_ID, IS_MANDATORY, ORG_ID) VALUES
-- Marketing communication purpose
('20000001-0002-0002-0002-000000000001', '10000001-0001-0001-0001-000000000001', TRUE, 'ORG-001'),
('20000001-0002-0002-0002-000000000001', '10000001-0001-0001-0001-000000000002', TRUE, 'ORG-001'),
('20000001-0002-0002-0002-000000000001', '10000001-0001-0001-0001-000000000003', FALSE, 'ORG-001'),
('20000001-0002-0002-0002-000000000001', '10000001-0001-0001-0001-000000000004', FALSE, 'ORG-001'),
-- Account management purpose
('20000001-0002-0002-0002-000000000002', '10000001-0001-0001-0001-000000000001', TRUE, 'ORG-001'),
('20000001-0002-0002-0002-000000000002', '10000001-0001-0001-0001-000000000009', TRUE, 'ORG-001'),
('20000001-0002-0002-0002-000000000002', '10000001-0001-0001-0001-000000000003', FALSE, 'ORG-001'),
-- API access purpose
('20000001-0002-0002-0002-000000000003', '10000001-0001-0001-0001-000000000005', TRUE, 'ORG-001'),
('20000001-0002-0002-0002-000000000003', '10000001-0001-0001-0001-000000000006', FALSE, 'ORG-001'),
('20000001-0002-0002-0002-000000000003', '10000001-0001-0001-0001-000000000007', TRUE, 'ORG-001'),
-- Analytics purpose
('20000001-0002-0002-0002-000000000004', '10000001-0001-0001-0001-000000000010', TRUE, 'ORG-001'),
('20000001-0002-0002-0002-000000000004', '10000001-0001-0001-0001-000000000001', FALSE, 'ORG-001'),
-- Promotional offers
('20000001-0002-0002-0002-000000000005', '10000001-0001-0001-0001-000000000001', TRUE, 'ORG-001'),
('20000001-0002-0002-0002-000000000005', '10000001-0001-0001-0001-000000000002', FALSE, 'ORG-001'),
-- Additional purpose mappings for user1 consents
('20000001-0002-0002-0002-000000000011', '10000001-0001-0001-0001-000000000001', TRUE, 'ORG-001'),
('20000001-0002-0002-0002-000000000011', '10000001-0001-0001-0001-000000000002', TRUE, 'ORG-001'),
('20000001-0002-0002-0002-000000000011', '10000001-0001-0001-0001-000000000003', FALSE, 'ORG-001'),
('20000001-0002-0002-0002-000000000012', '10000001-0001-0001-0001-000000000001', TRUE, 'ORG-001'),
('20000001-0002-0002-0002-000000000012', '10000001-0001-0001-0001-000000000002', FALSE, 'ORG-001'),
('20000001-0002-0002-0002-000000000013', '10000001-0001-0001-0001-000000000001', TRUE, 'ORG-001'),
('20000001-0002-0002-0002-000000000013', '10000001-0001-0001-0001-000000000009', TRUE, 'ORG-001'),
('20000001-0002-0002-0002-000000000013', '10000001-0001-0001-0001-000000000003', FALSE, 'ORG-001'),
('20000001-0002-0002-0002-000000000014', '10000001-0001-0001-0001-000000000011', TRUE, 'ORG-001'),
('20000001-0002-0002-0002-000000000014', '10000001-0001-0001-0001-000000000004', FALSE, 'ORG-001'),
('20000001-0002-0002-0002-000000000015', '10000001-0001-0001-0001-000000000012', TRUE, 'ORG-001'),
('20000001-0002-0002-0002-000000000015', '10000001-0001-0001-0001-000000000001', FALSE, 'ORG-001'),
('20000001-0002-0002-0002-000000000016', '10000001-0001-0001-0001-000000000005', TRUE, 'ORG-001'),
('20000001-0002-0002-0002-000000000016', '10000001-0001-0001-0001-000000000006', FALSE, 'ORG-001'),
('20000001-0002-0002-0002-000000000016', '10000001-0001-0001-0001-000000000007', TRUE, 'ORG-001'),
('20000001-0002-0002-0002-000000000017', '10000001-0001-0001-0001-000000000010', TRUE, 'ORG-001'),
('20000001-0002-0002-0002-000000000017', '10000001-0001-0001-0001-000000000001', FALSE, 'ORG-001'),
('20000001-0002-0002-0002-000000000018', '10000001-0001-0001-0001-000000000013', TRUE, 'ORG-001'),
('20000001-0002-0002-0002-000000000018', '10000001-0001-0001-0001-000000000003', FALSE, 'ORG-001'),
('20000001-0002-0002-0002-000000000019', '10000001-0001-0001-0001-000000000015', TRUE, 'ORG-001'),
('20000001-0002-0002-0002-000000000019', '10000001-0001-0001-0001-000000000001', FALSE, 'ORG-001'),
('20000001-0002-0002-0002-000000000020', '10000001-0001-0001-0001-000000000014', TRUE, 'ORG-001'),
('20000001-0002-0002-0002-000000000020', '10000001-0001-0001-0001-000000000001', FALSE, 'ORG-001'),
('20000001-0002-0002-0002-000000000021', '10000001-0001-0001-0001-000000000005', TRUE, 'ORG-001'),
('20000001-0002-0002-0002-000000000021', '10000001-0001-0001-0001-000000000006', FALSE, 'ORG-001');

-- ============================================================================
-- PART 6: INITIAL 7 CONSENT RECORDS
-- ============================================================================

INSERT INTO CONSENT (CONSENT_ID, CREATED_TIME, UPDATED_TIME, CLIENT_ID, CONSENT_TYPE, CURRENT_STATUS, CONSENT_FREQUENCY, VALIDITY_TIME, RECURRING_INDICATOR, DATA_ACCESS_VALIDITY_DURATION, ORG_ID) VALUES
('30000001-0003-0003-0003-000000000001', 1702800000, 1702800000, 'tpp-client-123', 'marketing', 'ACTIVE', 0, 1766383796, TRUE, 0, 'ORG-001'),
('30000001-0003-0003-0003-000000000002', 1702900000, 1702900000, 'TPP-CLIENT-001', 'account_management', 'ACTIVE', NULL, 1735689600, TRUE, 0, 'ORG-001'),
('30000001-0003-0003-0003-000000000003', 1702700000, 1703000000, 'TPP-CLIENT-002', 'data_access', 'APPROVED', 1, 1735689600, TRUE, 2592000, 'ORG-001'),
('30000001-0003-0003-0003-000000000004', 1700000000, 1702800000, 'tpp-client-123', 'marketing', 'EXPIRED', 0, NULL, FALSE, 0, 'ORG-001'),
('30000001-0003-0003-0003-000000000005', 1704153600, 1704153600, 'TPP-CLIENT-002', 'analytics', 'CREATED', NULL, 1735689600, FALSE, 86400, 'ORG-001'),
('30000001-0003-0003-0003-000000000006', 1703500000, 1704153600, 'tpp-client-123', 'marketing', 'APPROVED', 0, 1767225600, TRUE, 0, 'ORG-001'),
('30000001-0003-0003-0003-000000000007', 1701000000, 1704153600, 'TPP-CLIENT-001', 'data_access', 'REVOKED', NULL, NULL, FALSE, 0, 'ORG-001');

-- ============================================================================
-- PART 7: 35 ADDITIONAL CONSENT RECORDS FOR user1@example.com
-- Organized by client ID with proper status distribution
-- ============================================================================

-- tpp-client-123 Consents (Records 8-20) - 13 records
INSERT INTO CONSENT (CONSENT_ID, CREATED_TIME, UPDATED_TIME, CLIENT_ID, CONSENT_TYPE, CURRENT_STATUS, CONSENT_FREQUENCY, VALIDITY_TIME, RECURRING_INDICATOR, DATA_ACCESS_VALIDITY_DURATION, ORG_ID) VALUES
('30000001-0003-0003-0003-000000000008', 1704153600, 1704153600, 'tpp-client-123', 'marketing', 'ACTIVE', 0, 1766383796, TRUE, 0, 'ORG-001'),
('30000001-0003-0003-0003-000000000009', 1704153700, 1704153700, 'tpp-client-123', 'marketing', 'ACTIVE', 0, 1766383796, TRUE, 0, 'ORG-001'),
('30000001-0003-0003-0003-000000000010', 1704153800, 1704153800, 'tpp-client-123', 'marketing', 'APPROVED', 0, 1735689600, TRUE, 0, 'ORG-001'),
('30000001-0003-0003-0003-000000000011', 1704153900, 1704153900, 'tpp-client-123', 'marketing', 'ACTIVE', 0, 1735689600, TRUE, 0, 'ORG-001'),
('30000001-0003-0003-0003-000000000012', 1704154000, 1704154000, 'tpp-client-123', 'marketing', 'CREATED', 0, 1735689600, FALSE, 0, 'ORG-001'),
('30000001-0003-0003-0003-000000000013', 1704154100, 1704154100, 'tpp-client-123', 'marketing', 'ACTIVE', 1, 1735689600, TRUE, 0, 'ORG-001'),
('30000001-0003-0003-0003-000000000014', 1704154200, 1704154200, 'tpp-client-123', 'marketing', 'EXPIRED', 0, NULL, FALSE, 0, 'ORG-001'),
('30000001-0003-0003-0003-000000000015', 1704154300, 1704154300, 'tpp-client-123', 'marketing', 'REVOKED', 0, NULL, FALSE, 0, 'ORG-001'),
('30000001-0003-0003-0003-000000000016', 1704154400, 1704154400, 'tpp-client-123', 'marketing', 'ACTIVE', 0, 1766383796, TRUE, 0, 'ORG-001'),
('30000001-0003-0003-0003-000000000017', 1704154500, 1704154500, 'tpp-client-123', 'marketing', 'APPROVED', 0, 1735689600, TRUE, 0, 'ORG-001'),
('30000001-0003-0003-0003-000000000043', 1704157100, 1704157100, 'tpp-client-123', 'marketing', 'ACTIVE', 0, 1766383796, TRUE, 0, 'ORG-001'),
('30000001-0003-0003-0003-000000000044', 1704157200, 1704157200, 'tpp-client-123', 'marketing', 'CREATED', 0, 1735689600, FALSE, 0, 'ORG-001'),
('30000001-0003-0003-0003-000000000053', 1704158100, 1704158100, 'tpp-client-123', 'marketing', 'EXPIRED', 0, NULL, FALSE, 0, 'ORG-001');

-- TPP-CLIENT-001 Consents (Records 18-30) - 13 records
INSERT INTO CONSENT (CONSENT_ID, CREATED_TIME, UPDATED_TIME, CLIENT_ID, CONSENT_TYPE, CURRENT_STATUS, CONSENT_FREQUENCY, VALIDITY_TIME, RECURRING_INDICATOR, DATA_ACCESS_VALIDITY_DURATION, ORG_ID) VALUES
('30000001-0003-0003-0003-000000000018', 1704154600, 1704154600, 'TPP-CLIENT-001', 'account_management', 'ACTIVE', NULL, 1735689600, TRUE, 0, 'ORG-001'),
('30000001-0003-0003-0003-000000000019', 1704154700, 1704154700, 'TPP-CLIENT-001', 'account_management', 'ACTIVE', NULL, 1735689600, TRUE, 0, 'ORG-001'),
('30000001-0003-0003-0003-000000000020', 1704154800, 1704154800, 'TPP-CLIENT-001', 'account_management', 'APPROVED', NULL, 1735689600, TRUE, 0, 'ORG-001'),
('30000001-0003-0003-0003-000000000021', 1704154900, 1704154900, 'TPP-CLIENT-001', 'account_management', 'CREATED', NULL, 1735689600, FALSE, 0, 'ORG-001'),
('30000001-0003-0003-0003-000000000022', 1704155000, 1704155000, 'TPP-CLIENT-001', 'account_management', 'EXPIRED', NULL, NULL, FALSE, 0, 'ORG-001'),
('30000001-0003-0003-0003-000000000023', 1704155100, 1704155100, 'TPP-CLIENT-001', 'account_management', 'ACTIVE', NULL, 1735689600, TRUE, 0, 'ORG-001'),
('30000001-0003-0003-0003-000000000024', 1704155200, 1704155200, 'TPP-CLIENT-001', 'account_management', 'REVOKED', NULL, NULL, FALSE, 0, 'ORG-001'),
('30000001-0003-0003-0003-000000000025', 1704155300, 1704155300, 'TPP-CLIENT-001', 'account_management', 'ACTIVE', NULL, 1735689600, TRUE, 0, 'ORG-001'),
('30000001-0003-0003-0003-000000000026', 1704155400, 1704155400, 'TPP-CLIENT-001', 'notification', 'ACTIVE', 0, 1735689600, TRUE, 0, 'ORG-001'),
('30000001-0003-0003-0003-000000000027', 1704155500, 1704155500, 'TPP-CLIENT-001', 'notification', 'ACTIVE', 0, 1735689600, TRUE, 0, 'ORG-001'),
('30000001-0003-0003-0003-000000000028', 1704155600, 1704155600, 'TPP-CLIENT-001', 'notification', 'CREATED', 0, 1735689600, FALSE, 0, 'ORG-001'),
('30000001-0003-0003-0003-000000000045', 1704157300, 1704157300, 'TPP-CLIENT-001', 'notification', 'APPROVED', 0, 1735689600, TRUE, 0, 'ORG-001'),
('30000001-0003-0003-0003-000000000046', 1704157400, 1704157400, 'TPP-CLIENT-001', 'notification', 'ACTIVE', 0, 1735689600, TRUE, 0, 'ORG-001');

-- TPP-CLIENT-002 Consents (Records 29-44) - 16 records
INSERT INTO CONSENT (CONSENT_ID, CREATED_TIME, UPDATED_TIME, CLIENT_ID, CONSENT_TYPE, CURRENT_STATUS, CONSENT_FREQUENCY, VALIDITY_TIME, RECURRING_INDICATOR, DATA_ACCESS_VALIDITY_DURATION, ORG_ID) VALUES
('30000001-0003-0003-0003-000000000029', 1704155700, 1704155700, 'TPP-CLIENT-002', 'data_access', 'ACTIVE', 1, 1735689600, TRUE, 2592000, 'ORG-001'),
('30000001-0003-0003-0003-000000000030', 1704155800, 1704155800, 'TPP-CLIENT-002', 'data_access', 'APPROVED', 1, 1735689600, TRUE, 2592000, 'ORG-001'),
('30000001-0003-0003-0003-000000000031', 1704155900, 1704155900, 'TPP-CLIENT-002', 'data_access', 'ACTIVE', 0, 1735689600, TRUE, 0, 'ORG-001'),
('30000001-0003-0003-0003-000000000032', 1704156000, 1704156000, 'TPP-CLIENT-002', 'data_access', 'CREATED', NULL, 1735689600, FALSE, 0, 'ORG-001'),
('30000001-0003-0003-0003-000000000033', 1704156100, 1704156100, 'TPP-CLIENT-002', 'data_access', 'ACTIVE', 1, 1735689600, TRUE, 2592000, 'ORG-001'),
('30000001-0003-0003-0003-000000000034', 1704156200, 1704156200, 'TPP-CLIENT-002', 'data_access', 'EXPIRED', 0, NULL, FALSE, 0, 'ORG-001'),
('30000001-0003-0003-0003-000000000035', 1704156300, 1704156300, 'TPP-CLIENT-002', 'analytics', 'ACTIVE', NULL, 1735689600, TRUE, 86400, 'ORG-001'),
('30000001-0003-0003-0003-000000000036', 1704156400, 1704156400, 'TPP-CLIENT-002', 'analytics', 'CREATED', NULL, 1735689600, FALSE, 86400, 'ORG-001'),
('30000001-0003-0003-0003-000000000037', 1704156500, 1704156500, 'TPP-CLIENT-002', 'analytics', 'APPROVED', NULL, 1735689600, TRUE, 86400, 'ORG-001'),
('30000001-0003-0003-0003-000000000038', 1704156600, 1704156600, 'TPP-CLIENT-002', 'analytics', 'ACTIVE', NULL, 1735689600, TRUE, 86400, 'ORG-001'),
('30000001-0003-0003-0003-000000000039', 1704156700, 1704156700, 'TPP-CLIENT-002', 'location', 'ACTIVE', NULL, 1735689600, TRUE, 0, 'ORG-001'),
('30000001-0003-0003-0003-000000000040', 1704156800, 1704156800, 'TPP-CLIENT-002', 'data_sharing', 'ACTIVE', NULL, 1735689600, TRUE, 0, 'ORG-001'),
('30000001-0003-0003-0003-000000000047', 1704157500, 1704157500, 'TPP-CLIENT-002', 'analytics', 'CREATED', NULL, 1735689600, FALSE, 86400, 'ORG-001'),
('30000001-0003-0003-0003-000000000048', 1704157600, 1704157600, 'TPP-CLIENT-002', 'location', 'APPROVED', NULL, 1735689600, TRUE, 0, 'ORG-001'),
('30000001-0003-0003-0003-000000000049', 1704157700, 1704157700, 'TPP-CLIENT-002', 'data_sharing', 'CREATED', NULL, 1735689600, FALSE, 0, 'ORG-001'),
('30000001-0003-0003-0003-000000000050', 1704157800, 1704157800, 'TPP-CLIENT-002', 'data_access', 'REVOKED', 1, NULL, FALSE, 0, 'ORG-001');

-- TPP-CLIENT-003 Consents (Records 41-42, 51-52) - 4 records
INSERT INTO CONSENT (CONSENT_ID, CREATED_TIME, UPDATED_TIME, CLIENT_ID, CONSENT_TYPE, CURRENT_STATUS, CONSENT_FREQUENCY, VALIDITY_TIME, RECURRING_INDICATOR, DATA_ACCESS_VALIDITY_DURATION, ORG_ID) VALUES
('30000001-0003-0003-0003-000000000041', 1704156900, 1704156900, 'TPP-CLIENT-003', 'payment', 'APPROVED', NULL, 1735689600, TRUE, 0, 'ORG-001'),
('30000001-0003-0003-0003-000000000042', 1704157000, 1704157000, 'TPP-CLIENT-003', 'data_access', 'EXPIRED', NULL, NULL, FALSE, 0, 'ORG-001'),
('30000001-0003-0003-0003-000000000051', 1704157900, 1704157900, 'TPP-CLIENT-003', 'payment', 'ACTIVE', NULL, 1735689600, TRUE, 0, 'ORG-001'),
('30000001-0003-0003-0003-000000000052', 1704158000, 1704158000, 'TPP-CLIENT-003', 'payment', 'CREATED', NULL, 1735689600, FALSE, 0, 'ORG-001');

-- ============================================================================
-- PART 8: CONSENT ATTRIBUTES
-- ============================================================================

-- Initial 7 consents attributes
INSERT INTO CONSENT_ATTRIBUTE (CONSENT_ID, ATT_KEY, ATT_VALUE, ORG_ID) VALUES
('30000001-0003-0003-0003-000000000001', 'department', 'marketing', 'ORG-001'),
('30000001-0003-0003-0003-000000000001', 'region', 'US', 'ORG-001'),
('30000001-0003-0003-0003-000000000001', 'campaign_id', 'CAMP-2024-001', 'ORG-001'),
('30000001-0003-0003-0003-000000000002', 'department', 'customer_service', 'ORG-001'),
('30000001-0003-0003-0003-000000000002', 'region', 'EU', 'ORG-001'),
('30000001-0003-0003-0003-000000000002', 'gdpr_compliant', 'true', 'ORG-001'),
('30000001-0003-0003-0003-000000000003', 'department', 'data_analytics', 'ORG-001'),
('30000001-0003-0003-0003-000000000003', 'api_version', 'v2', 'ORG-001'),
('30000001-0003-0003-0003-000000000005', 'department', 'analytics', 'ORG-001'),
('30000001-0003-0003-0003-000000000005', 'tracking_type', 'behavioral', 'ORG-001'),
('30000001-0003-0003-0003-000000000006', 'department', 'marketing', 'ORG-001'),
('30000001-0003-0003-0003-000000000006', 'channel', 'email', 'ORG-001'),
('30000001-0003-0003-0003-000000000006', 'frequency', 'weekly', 'ORG-001');

-- User1 consents attributes (sample)
INSERT INTO CONSENT_ATTRIBUTE (CONSENT_ID, ATT_KEY, ATT_VALUE, ORG_ID) VALUES
('30000001-0003-0003-0003-000000000008', 'department', 'marketing', 'ORG-001'),
('30000001-0003-0003-0003-000000000008', 'region', 'US', 'ORG-001'),
('30000001-0003-0003-0003-000000000008', 'client_type', 'marketing_partner', 'ORG-001'),
('30000001-0003-0003-0003-000000000018', 'department', 'customer_service', 'ORG-001'),
('30000001-0003-0003-0003-000000000018', 'account_type', 'premium', 'ORG-001'),
('30000001-0003-0003-0003-000000000018', 'client_type', 'service_partner', 'ORG-001'),
('30000001-0003-0003-0003-000000000029', 'department', 'data_analytics', 'ORG-001'),
('30000001-0003-0003-0003-000000000029', 'api_version', 'v2', 'ORG-001'),
('30000001-0003-0003-0003-000000000029', 'client_type', 'data_partner', 'ORG-001'),
('30000001-0003-0003-0003-000000000041', 'department', 'payments', 'ORG-001'),
('30000001-0003-0003-0003-000000000041', 'payment_method', 'credit_card', 'ORG-001'),
('30000001-0003-0003-0003-000000000041', 'client_type', 'payment_partner', 'ORG-001');

-- ============================================================================
-- PART 9: PURPOSE-CONSENT MAPPINGS
-- ============================================================================

-- Initial 7 consents
INSERT INTO PURPOSE_CONSENT_MAPPING (CONSENT_ID, PURPOSE_ID, ORG_ID) VALUES
('30000001-0003-0003-0003-000000000001', '20000001-0002-0002-0002-000000000001', 'ORG-001'),
('30000001-0003-0003-0003-000000000001', '20000001-0002-0002-0002-000000000005', 'ORG-001'),
('30000001-0003-0003-0003-000000000002', '20000001-0002-0002-0002-000000000002', 'ORG-001'),
('30000001-0003-0003-0003-000000000003', '20000001-0002-0002-0002-000000000003', 'ORG-001'),
('30000001-0003-0003-0003-000000000004', '20000001-0002-0002-0002-000000000001', 'ORG-001'),
('30000001-0003-0003-0003-000000000005', '20000001-0002-0002-0002-000000000004', 'ORG-001'),
('30000001-0003-0003-0003-000000000006', '20000001-0002-0002-0002-000000000005', 'ORG-001'),
('30000001-0003-0003-0003-000000000007', '20000001-0002-0002-0002-000000000003', 'ORG-001'),

-- User1 consents (35 records)
-- tpp-client-123
('30000001-0003-0003-0003-000000000008', '20000001-0002-0002-0002-000000000011', 'ORG-001'),
('30000001-0003-0003-0003-000000000009', '20000001-0002-0002-0002-000000000011', 'ORG-001'),
('30000001-0003-0003-0003-000000000010', '20000001-0002-0002-0002-000000000011', 'ORG-001'),
('30000001-0003-0003-0003-000000000011', '20000001-0002-0002-0002-000000000011', 'ORG-001'),
('30000001-0003-0003-0003-000000000012', '20000001-0002-0002-0002-000000000011', 'ORG-001'),
('30000001-0003-0003-0003-000000000013', '20000001-0002-0002-0002-000000000011', 'ORG-001'),
('30000001-0003-0003-0003-000000000014', '20000001-0002-0002-0002-000000000011', 'ORG-001'),
('30000001-0003-0003-0003-000000000015', '20000001-0002-0002-0002-000000000012', 'ORG-001'),
('30000001-0003-0003-0003-000000000016', '20000001-0002-0002-0002-000000000011', 'ORG-001'),
('30000001-0003-0003-0003-000000000017', '20000001-0002-0002-0002-000000000012', 'ORG-001'),
('30000001-0003-0003-0003-000000000043', '20000001-0002-0002-0002-000000000011', 'ORG-001'),
('30000001-0003-0003-0003-000000000044', '20000001-0002-0002-0002-000000000011', 'ORG-001'),
('30000001-0003-0003-0003-000000000053', '20000001-0002-0002-0002-000000000012', 'ORG-001'),

-- TPP-CLIENT-001
('30000001-0003-0003-0003-000000000018', '20000001-0002-0002-0002-000000000013', 'ORG-001'),
('30000001-0003-0003-0003-000000000019', '20000001-0002-0002-0002-000000000013', 'ORG-001'),
('30000001-0003-0003-0003-000000000020', '20000001-0002-0002-0002-000000000013', 'ORG-001'),
('30000001-0003-0003-0003-000000000021', '20000001-0002-0002-0002-000000000013', 'ORG-001'),
('30000001-0003-0003-0003-000000000022', '20000001-0002-0002-0002-000000000013', 'ORG-001'),
('30000001-0003-0003-0003-000000000023', '20000001-0002-0002-0002-000000000013', 'ORG-001'),
('30000001-0003-0003-0003-000000000024', '20000001-0002-0002-0002-000000000013', 'ORG-001'),
('30000001-0003-0003-0003-000000000025', '20000001-0002-0002-0002-000000000013', 'ORG-001'),
('30000001-0003-0003-0003-000000000026', '20000001-0002-0002-0002-000000000014', 'ORG-001'),
('30000001-0003-0003-0003-000000000027', '20000001-0002-0002-0002-000000000015', 'ORG-001'),
('30000001-0003-0003-0003-000000000028', '20000001-0002-0002-0002-000000000014', 'ORG-001'),
('30000001-0003-0003-0003-000000000045', '20000001-0002-0002-0002-000000000015', 'ORG-001'),
('30000001-0003-0003-0003-000000000046', '20000001-0002-0002-0002-000000000014', 'ORG-001'),

-- TPP-CLIENT-002
('30000001-0003-0003-0003-000000000029', '20000001-0002-0002-0002-000000000016', 'ORG-001'),
('30000001-0003-0003-0003-000000000030', '20000001-0002-0002-0002-000000000016', 'ORG-001'),
('30000001-0003-0003-0003-000000000031', '20000001-0002-0002-0002-000000000016', 'ORG-001'),
('30000001-0003-0003-0003-000000000032', '20000001-0002-0002-0002-000000000016', 'ORG-001'),
('30000001-0003-0003-0003-000000000033', '20000001-0002-0002-0002-000000000016', 'ORG-001'),
('30000001-0003-0003-0003-000000000034', '20000001-0002-0002-0002-000000000016', 'ORG-001'),
('30000001-0003-0003-0003-000000000035', '20000001-0002-0002-0002-000000000017', 'ORG-001'),
('30000001-0003-0003-0003-000000000036', '20000001-0002-0002-0002-000000000017', 'ORG-001'),
('30000001-0003-0003-0003-000000000037', '20000001-0002-0002-0002-000000000017', 'ORG-001'),
('30000001-0003-0003-0003-000000000038', '20000001-0002-0002-0002-000000000017', 'ORG-001'),
('30000001-0003-0003-0003-000000000039', '20000001-0002-0002-0002-000000000018', 'ORG-001'),
('30000001-0003-0003-0003-000000000040', '20000001-0002-0002-0002-000000000019', 'ORG-001'),
('30000001-0003-0003-0003-000000000047', '20000001-0002-0002-0002-000000000017', 'ORG-001'),
('30000001-0003-0003-0003-000000000048', '20000001-0002-0002-0002-000000000018', 'ORG-001'),
('30000001-0003-0003-0003-000000000049', '20000001-0002-0002-0002-000000000019', 'ORG-001'),
('30000001-0003-0003-0003-000000000050', '20000001-0002-0002-0002-000000000016', 'ORG-001'),

-- TPP-CLIENT-003
('30000001-0003-0003-0003-000000000041', '20000001-0002-0002-0002-000000000020', 'ORG-001'),
('30000001-0003-0003-0003-000000000042', '20000001-0002-0002-0002-000000000021', 'ORG-001'),
('30000001-0003-0003-0003-000000000051', '20000001-0002-0002-0002-000000000020', 'ORG-001'),
('30000001-0003-0003-0003-000000000052', '20000001-0002-0002-0002-000000000020', 'ORG-001');

-- ============================================================================
-- PART 10: AUTHORIZATION RECORDS
-- ============================================================================

INSERT INTO CONSENT_AUTH_RESOURCE (AUTH_ID, CONSENT_ID, AUTH_TYPE, USER_ID, AUTH_STATUS, UPDATED_TIME, RESOURCES, ORG_ID) VALUES
-- Initial 7 consents
('a1b2c3d4-e5f6-7890-abcd-ef1234567890', '30000001-0003-0003-0003-000000000001', 'authorisation', 'user1@example.com', 'APPROVED', 1702800000, JSON_OBJECT('accountIds', JSON_ARRAY('acc-123', 'acc-456')), 'ORG-001'),
('a1b2c3d4-e5f6-7890-abcd-ef1234567891', '30000001-0003-0003-0003-000000000002', 'authorisation', 'user2@example.com', 'APPROVED', 1702900000, JSON_OBJECT('accountIds', JSON_ARRAY('acc-789', 'acc-101')), 'ORG-001'),
('a1b2c3d4-e5f6-7890-abcd-ef1234567892', '30000001-0003-0003-0003-000000000003', 'authorisation', 'user3@example.com', 'APPROVED', 1702700000, JSON_OBJECT('accountIds', JSON_ARRAY('acc-api-001'), 'scopes', JSON_ARRAY('license:read', 'account:read')), 'ORG-001'),
('a1b2c3d4-e5f6-7890-abcd-ef1234567893', '30000001-0003-0003-0003-000000000004', 'authorisation', 'user3@example.com', 'REJECTED', 1700000000, JSON_OBJECT('accountIds', JSON_ARRAY()), 'ORG-001'),
('a1b2c3d4-e5f6-7890-abcd-ef1234567894', '30000001-0003-0003-0003-000000000005', 'authorisation', 'user5@example.com', 'CREATED', 1704153600, JSON_OBJECT('accountIds', JSON_ARRAY('acc-analytics-001')), 'ORG-001'),
('a1b2c3d4-e5f6-7890-abcd-ef1234567895', '30000001-0003-0003-0003-000000000006', 'authorisation', 'user4@example.com', 'APPROVED', 1704153600, JSON_OBJECT('accountIds', JSON_ARRAY('acc-promo-001', 'acc-promo-002')), 'ORG-001'),
('a1b2c3d4-e5f6-7890-abcd-ef1234567896', '30000001-0003-0003-0003-000000000007', 'authorisation', 'user6@example.com', 'REVOKED', 1704153600, JSON_OBJECT('accountIds', JSON_ARRAY()), 'ORG-001'),

-- User1 consents (35 records)
('a1b2c3d4-e5f6-7890-abcd-ef1234567897', '30000001-0003-0003-0003-000000000008', 'authorisation', 'user1@example.com', 'APPROVED', 1704153600, JSON_OBJECT('accountIds', JSON_ARRAY('acc-123', 'acc-456')), 'ORG-001'),
('a1b2c3d4-e5f6-7890-abcd-ef1234567898', '30000001-0003-0003-0003-000000000009', 'authorisation', 'user1@example.com', 'APPROVED', 1704153700, JSON_OBJECT('accountIds', JSON_ARRAY('acc-457', 'acc-458')), 'ORG-001'),
('a1b2c3d4-e5f6-7890-abcd-ef1234567899', '30000001-0003-0003-0003-000000000010', 'authorisation', 'user1@example.com', 'APPROVED', 1704153800, JSON_OBJECT('accountIds', JSON_ARRAY('acc-459')), 'ORG-001'),
('a1b2c3d4-e5f6-7890-abcd-ef1234567900', '30000001-0003-0003-0003-000000000011', 'authorisation', 'user1@example.com', 'APPROVED', 1704153900, JSON_OBJECT('accountIds', JSON_ARRAY('acc-460', 'acc-461')), 'ORG-001'),
('a1b2c3d4-e5f6-7890-abcd-ef1234567901', '30000001-0003-0003-0003-000000000012', 'authorisation', 'user1@example.com', 'CREATED', 1704154000, JSON_OBJECT('accountIds', JSON_ARRAY('acc-462')), 'ORG-001'),
('a1b2c3d4-e5f6-7890-abcd-ef1234567902', '30000001-0003-0003-0003-000000000013', 'authorisation', 'user1@example.com', 'APPROVED', 1704154100, JSON_OBJECT('accountIds', JSON_ARRAY('acc-463', 'acc-464')), 'ORG-001'),
('a1b2c3d4-e5f6-7890-abcd-ef1234567903', '30000001-0003-0003-0003-000000000014', 'authorisation', 'user1@example.com', 'REJECTED', 1704154200, JSON_OBJECT('accountIds', JSON_ARRAY()), 'ORG-001'),
('a1b2c3d4-e5f6-7890-abcd-ef1234567904', '30000001-0003-0003-0003-000000000015', 'authorisation', 'user1@example.com', 'REVOKED', 1704154300, JSON_OBJECT('accountIds', JSON_ARRAY()), 'ORG-001'),
('a1b2c3d4-e5f6-7890-abcd-ef1234567905', '30000001-0003-0003-0003-000000000016', 'authorisation', 'user1@example.com', 'APPROVED', 1704154400, JSON_OBJECT('accountIds', JSON_ARRAY('acc-465')), 'ORG-001'),
('a1b2c3d4-e5f6-7890-abcd-ef1234567906', '30000001-0003-0003-0003-000000000017', 'authorisation', 'user1@example.com', 'APPROVED', 1704154500, JSON_OBJECT('accountIds', JSON_ARRAY('acc-466', 'acc-467')), 'ORG-001'),
('a1b2c3d4-e5f6-7890-abcd-ef1234567907', '30000001-0003-0003-0003-000000000018', 'authorisation', 'user1@example.com', 'APPROVED', 1704154600, JSON_OBJECT('accountIds', JSON_ARRAY('acc-789', 'acc-790')), 'ORG-001'),
('a1b2c3d4-e5f6-7890-abcd-ef1234567908', '30000001-0003-0003-0003-000000000019', 'authorisation', 'user1@example.com', 'APPROVED', 1704154700, JSON_OBJECT('accountIds', JSON_ARRAY('acc-791')), 'ORG-001'),
('a1b2c3d4-e5f6-7890-abcd-ef1234567909', '30000001-0003-0003-0003-000000000020', 'authorisation', 'user1@example.com', 'APPROVED', 1704154800, JSON_OBJECT('accountIds', JSON_ARRAY('acc-792', 'acc-793')), 'ORG-001'),
('a1b2c3d4-e5f6-7890-abcd-ef1234567910', '30000001-0003-0003-0003-000000000021', 'authorisation', 'user1@example.com', 'CREATED', 1704154900, JSON_OBJECT('accountIds', JSON_ARRAY('acc-794')), 'ORG-001'),
('a1b2c3d4-e5f6-7890-abcd-ef1234567911', '30000001-0003-0003-0003-000000000022', 'authorisation', 'user1@example.com', 'REJECTED', 1704155000, JSON_OBJECT('accountIds', JSON_ARRAY()), 'ORG-001'),
('a1b2c3d4-e5f6-7890-abcd-ef1234567912', '30000001-0003-0003-0003-000000000023', 'authorisation', 'user1@example.com', 'APPROVED', 1704155100, JSON_OBJECT('accountIds', JSON_ARRAY('acc-795', 'acc-796')), 'ORG-001'),
('a1b2c3d4-e5f6-7890-abcd-ef1234567913', '30000001-0003-0003-0003-000000000024', 'authorisation', 'user1@example.com', 'REVOKED', 1704155200, JSON_OBJECT('accountIds', JSON_ARRAY()), 'ORG-001'),
('a1b2c3d4-e5f6-7890-abcd-ef1234567914', '30000001-0003-0003-0003-000000000025', 'authorisation', 'user1@example.com', 'APPROVED', 1704155300, JSON_OBJECT('accountIds', JSON_ARRAY('acc-797', 'acc-798', 'acc-799')), 'ORG-001'),
('a1b2c3d4-e5f6-7890-abcd-ef1234567915', '30000001-0003-0003-0003-000000000026', 'authorisation', 'user1@example.com', 'APPROVED', 1704155400, JSON_OBJECT('accountIds', JSON_ARRAY('acc-notif-001')), 'ORG-001'),
('a1b2c3d4-e5f6-7890-abcd-ef1234567916', '30000001-0003-0003-0003-000000000027', 'authorisation', 'user1@example.com', 'APPROVED', 1704155500, JSON_OBJECT('accountIds', JSON_ARRAY('acc-notif-002')), 'ORG-001'),
('a1b2c3d4-e5f6-7890-abcd-ef1234567917', '30000001-0003-0003-0003-000000000028', 'authorisation', 'user1@example.com', 'CREATED', 1704155600, JSON_OBJECT('accountIds', JSON_ARRAY('acc-notif-003')), 'ORG-001'),
('a1b2c3d4-e5f6-7890-abcd-ef1234567918', '30000001-0003-0003-0003-000000000029', 'authorisation', 'user1@example.com', 'APPROVED', 1704155700, JSON_OBJECT('accountIds', JSON_ARRAY('acc-api-001'), 'scopes', JSON_ARRAY('license:read')), 'ORG-001'),
('a1b2c3d4-e5f6-7890-abcd-ef1234567919', '30000001-0003-0003-0003-000000000030', 'authorisation', 'user1@example.com', 'APPROVED', 1704155800, JSON_OBJECT('accountIds', JSON_ARRAY('acc-api-002'), 'scopes', JSON_ARRAY('license:read', 'license:write')), 'ORG-001'),
('a1b2c3d4-e5f6-7890-abcd-ef1234567920', '30000001-0003-0003-0003-000000000031', 'authorisation', 'user1@example.com', 'APPROVED', 1704155900, JSON_OBJECT('accountIds', JSON_ARRAY('acc-api-003'), 'scopes', JSON_ARRAY('account:read')), 'ORG-001'),
('a1b2c3d4-e5f6-7890-abcd-ef1234567921', '30000001-0003-0003-0003-000000000032', 'authorisation', 'user1@example.com', 'CREATED', 1704156000, JSON_OBJECT('accountIds', JSON_ARRAY('acc-api-004')), 'ORG-001'),
('a1b2c3d4-e5f6-7890-abcd-ef1234567922', '30000001-0003-0003-0003-000000000033', 'authorisation', 'user1@example.com', 'APPROVED', 1704156100, JSON_OBJECT('accountIds', JSON_ARRAY('acc-api-005'), 'scopes', JSON_ARRAY('license:read', 'account:read')), 'ORG-001'),
('a1b2c3d4-e5f6-7890-abcd-ef1234567923', '30000001-0003-0003-0003-000000000034', 'authorisation', 'user1@example.com', 'REJECTED', 1704156200, JSON_OBJECT('accountIds', JSON_ARRAY()), 'ORG-001'),
('a1b2c3d4-e5f6-7890-abcd-ef1234567924', '30000001-0003-0003-0003-000000000035', 'authorisation', 'user1@example.com', 'APPROVED', 1704156300, JSON_OBJECT('accountIds', JSON_ARRAY('acc-analytics-001')), 'ORG-001'),
('a1b2c3d4-e5f6-7890-abcd-ef1234567925', '30000001-0003-0003-0003-000000000036', 'authorisation', 'user1@example.com', 'CREATED', 1704156400, JSON_OBJECT('accountIds', JSON_ARRAY('acc-analytics-002')), 'ORG-001'),
('a1b2c3d4-e5f6-7890-abcd-ef1234567926', '30000001-0003-0003-0003-000000000037', 'authorisation', 'user1@example.com', 'APPROVED', 1704156500, JSON_OBJECT('accountIds', JSON_ARRAY('acc-analytics-003')), 'ORG-001'),
('a1b2c3d4-e5f6-7890-abcd-ef1234567927', '30000001-0003-0003-0003-000000000038', 'authorisation', 'user1@example.com', 'APPROVED', 1704156600, JSON_OBJECT('accountIds', JSON_ARRAY('acc-analytics-004')), 'ORG-001'),
('a1b2c3d4-e5f6-7890-abcd-ef1234567928', '30000001-0003-0003-0003-000000000039', 'authorisation', 'user1@example.com', 'APPROVED', 1704156700, JSON_OBJECT('accountIds', JSON_ARRAY('acc-loc-001')), 'ORG-001'),
('a1b2c3d4-e5f6-7890-abcd-ef1234567929', '30000001-0003-0003-0003-000000000040', 'authorisation', 'user1@example.com', 'APPROVED', 1704156800, JSON_OBJECT('accountIds', JSON_ARRAY('acc-share-001')), 'ORG-001'),
('a1b2c3d4-e5f6-7890-abcd-ef1234567930', '30000001-0003-0003-0003-000000000041', 'authorisation', 'user1@example.com', 'APPROVED', 1704156900, JSON_OBJECT('accountIds', JSON_ARRAY('acc-pay-001')), 'ORG-001'),
('a1b2c3d4-e5f6-7890-abcd-ef1234567931', '30000001-0003-0003-0003-000000000042', 'authorisation', 'user1@example.com', 'REJECTED', 1704157000, JSON_OBJECT('accountIds', JSON_ARRAY()), 'ORG-001'),
('a1b2c3d4-e5f6-7890-abcd-ef1234567932', '30000001-0003-0003-0003-000000000043', 'authorisation', 'user1@example.com', 'APPROVED', 1704157100, JSON_OBJECT('accountIds', JSON_ARRAY('acc-468')), 'ORG-001'),
('a1b2c3d4-e5f6-7890-abcd-ef1234567933', '30000001-0003-0003-0003-000000000044', 'authorisation', 'user1@example.com', 'CREATED', 1704157200, JSON_OBJECT('accountIds', JSON_ARRAY('acc-469')), 'ORG-001'),
('a1b2c3d4-e5f6-7890-abcd-ef1234567934', '30000001-0003-0003-0003-000000000045', 'authorisation', 'user1@example.com', 'APPROVED', 1704157300, JSON_OBJECT('accountIds', JSON_ARRAY('acc-notif-004')), 'ORG-001'),
('a1b2c3d4-e5f6-7890-abcd-ef1234567935', '30000001-0003-0003-0003-000000000046', 'authorisation', 'user1@example.com', 'APPROVED', 1704157400, JSON_OBJECT('accountIds', JSON_ARRAY('acc-notif-005')), 'ORG-001'),
('a1b2c3d4-e5f6-7890-abcd-ef1234567936', '30000001-0003-0003-0003-000000000047', 'authorisation', 'user1@example.com', 'CREATED', 1704157500, JSON_OBJECT('accountIds', JSON_ARRAY('acc-analytics-005')), 'ORG-001'),
('a1b2c3d4-e5f6-7890-abcd-ef1234567937', '30000001-0003-0003-0003-000000000048', 'authorisation', 'user1@example.com', 'APPROVED', 1704157600, JSON_OBJECT('accountIds', JSON_ARRAY('acc-loc-002')), 'ORG-001'),
('a1b2c3d4-e5f6-7890-abcd-ef1234567938', '30000001-0003-0003-0003-000000000049', 'authorisation', 'user1@example.com', 'CREATED', 1704157700, JSON_OBJECT('accountIds', JSON_ARRAY('acc-share-002')), 'ORG-001'),
('a1b2c3d4-e5f6-7890-abcd-ef1234567939', '30000001-0003-0003-0003-000000000050', 'authorisation', 'user1@example.com', 'REVOKED', 1704157800, JSON_OBJECT('accountIds', JSON_ARRAY()), 'ORG-001'),
('a1b2c3d4-e5f6-7890-abcd-ef1234567940', '30000001-0003-0003-0003-000000000051', 'authorisation', 'user1@example.com', 'APPROVED', 1704157900, JSON_OBJECT('accountIds', JSON_ARRAY('acc-pay-002')), 'ORG-001'),
('a1b2c3d4-e5f6-7890-abcd-ef1234567941', '30000001-0003-0003-0003-000000000052', 'authorisation', 'user1@example.com', 'CREATED', 1704158000, JSON_OBJECT('accountIds', JSON_ARRAY('acc-pay-003')), 'ORG-001'),
('a1b2c3d4-e5f6-7890-abcd-ef1234567942', '30000001-0003-0003-0003-000000000053', 'authorisation', 'user1@example.com', 'REJECTED', 1704158100, JSON_OBJECT('accountIds', JSON_ARRAY()), 'ORG-001');

-- ============================================================================
-- PART 11: STATUS AUDIT TRAIL (Sample)
-- ============================================================================

INSERT INTO CONSENT_STATUS_AUDIT (STATUS_AUDIT_ID, CONSENT_ID, CURRENT_STATUS, ACTION_TIME, REASON, ACTION_BY, PREVIOUS_STATUS, ORG_ID) VALUES
-- Initial consents
('b2c3d4e5-f6a7-8901-bcde-f12345678901', '30000001-0003-0003-0003-000000000001', 'ACTIVE', 1702800000, 'Initial consent creation and approval', 'admin@org.com', NULL, 'ORG-001'),
('b2c3d4e5-f6a7-8901-bcde-f12345678902', '30000001-0003-0003-0003-000000000002', 'ACTIVE', 1702900000, 'Consent activated', 'system', NULL, 'ORG-001'),
('b2c3d4e5-f6a7-8901-bcde-f12345678903', '30000001-0003-0003-0003-000000000003', 'APPROVED', 1702700000, 'Data access authorized', 'api@org.com', NULL, 'ORG-001'),
('b2c3d4e5-f6a7-8901-bcde-f12345678904', '30000001-0003-0003-0003-000000000004', 'EXPIRED', 1702800000, 'Consent expired', 'system', NULL, 'ORG-001'),
('b2c3d4e5-f6a7-8901-bcde-f12345678905', '30000001-0003-0003-0003-000000000005', 'CREATED', 1704153600, 'Analytics consent created', 'system', NULL, 'ORG-001'),
('b2c3d4e5-f6a7-8901-bcde-f12345678906', '30000001-0003-0003-0003-000000000006', 'APPROVED', 1703500000, 'Promotional consent approved', 'system', NULL, 'ORG-001'),
('b2c3d4e5-f6a7-8901-bcde-f12345678907', '30000001-0003-0003-0003-000000000007', 'REVOKED', 1704153600, 'User revoked data access', 'user6@example.com', NULL, 'ORG-001'),

-- User1 consents (sample)
('b2c3d4e5-f6a7-8901-bcde-f12345678908', '30000001-0003-0003-0003-000000000008', 'ACTIVE', 1704153600, 'User approved marketing consent', 'user1@example.com', NULL, 'ORG-001'),
('b2c3d4e5-f6a7-8901-bcde-f12345678909', '30000001-0003-0003-0003-000000000012', 'CREATED', 1704154000, 'Marketing consent created', 'system', NULL, 'ORG-001'),
('b2c3d4e5-f6a7-8901-bcde-f12345678910', '30000001-0003-0003-0003-000000000018', 'ACTIVE', 1704154600, 'Account management consent active', 'system', NULL, 'ORG-001'),
('b2c3d4e5-f6a7-8901-bcde-f12345678911', '30000001-0003-0003-0003-000000000029', 'ACTIVE', 1704155700, 'API access consent active', 'system', NULL, 'ORG-001'),
('b2c3d4e5-f6a7-8901-bcde-f12345678912', '30000001-0003-0003-0003-000000000041', 'APPROVED', 1704156900, 'Payment consent approved', 'system', NULL, 'ORG-001');

-- ============================================================================
-- SUMMARY STATISTICS
-- ============================================================================
/*
COMPLETE SAMPLE DATA SUMMARY:

TOTAL CONSENTS: 42 (7 initial + 35 for user1@example.com)

CONSENT ELEMENTS: 15
- user_email, user_mobile, user_address, user_phone
- license_read, license_write, account_read, transaction_history
- profile_update, analytics_tracking
- sms_notifications, push_notifications, location_tracking
- payment_processing, third_party_sharing

CONSENT PURPOSES: 16
- Initial 5 purposes for multi-client organization
- 11 additional purposes organized by client ID

ORGANIZATION: ORG-001

CLIENT IDS REPRESENTED:
- tpp-client-123 (13 consents for user1)
- TPP-CLIENT-001 (13 consents for user1)
- TPP-CLIENT-002 (16 consents for user1)
- TPP-CLIENT-003 (4 consents for user1)

VALID STATUS DISTRIBUTION (all consents):
- ACTIVE: 26
- APPROVED: 8
- CREATED: 9
- EXPIRED: 5
- REVOKED: 3
- REJECTED: 1

AUTHORIZATION STATUSES:
- APPROVED: 27
- CREATED: 8
- REJECTED: 3
- REVOKED: 3

KEY FEATURES:
✓ Proper client ID consistency (consents only use purposes from same client)
✓ No duplicate purpose names (unique within client + org)
✓ Valid statuses per API spec: CREATED, ACTIVE, APPROVED, REJECTED, REVOKED, EXPIRED
✓ Purpose-to-element mappings with mandatory flags
✓ Complete authorization resources with account IDs and scopes
✓ Consent attributes for business context
✓ Status audit trail for compliance
*/